user_id,wave,plugin_version,connections_verified,private_profile_verified,preview_reviewed,live_pilot_passed,cloud_run_verified,pause_verified,status,issue_reference
user-01,pilot,,,,,,,,Pending,
user-02,pilot,,,,,,,,Pending,
user-03,rollout,,,,,,,,Pending,
user-04,rollout,,,,,,,,Pending,
user-05,rollout,,,,,,,,Pending,
user-06,rollout,,,,,,,,Pending,
user-07,rollout,,,,,,,,Pending,
user-08,rollout,,,,,,,,Pending,
user-09,rollout,,,,,,,,Pending,
user-10,rollout,,,,,,,,Pending,
user-11,rollout,,,,,,,,Pending,
user-12,rollout,,,,,,,,Pending,
user-13,rollout,,,,,,,,Pending,
user-14,rollout,,,,,,,,Pending,
user-15,rollout,,,,,,,,Pending,
